"","Typ","total_mean_volume","total_mean_variance","SE"
"1","Coniferous",261.512235157283,11.8587592974732,0.045346862223639
"2","Deciduous",90.8193644388292,6.6150471477824,0.072837408504856
