"","Area","sum_volume","mean_volume","point_count","sd_volume","var_volume","sq_volume","var_sq_volume","var_mean_sq_volume","var_mean_volume","SE"
"1","Falkenstein-Rachel-Area",988832.00033,385.059190159657,2568,216.923931524452,47055.9920680251,501551580.889644,47036.6680835749,18.3164595341024,4.27977330405506,0.0111145855323711
"2","Rachel-Lusen-Area",1043204.49942,321.77806891425,3242,241.15481451954,58155.6445659535,524162773.34428,58136.7063659023,17.9323585335911,4.23466156069066,0.0131601932194426
